Pouvez-vous me parler de votre organisation?,Auriez-vous 2 ou 3 personnes que je pourrais contacter pour faire cet entretien?,Autres impressions générales?,Avez-vous des suggestions ou des commentaires pour m’aider à améliorer mes prochains entretiens ?,CONCLUSION (1),Date de l’entretien,Est-ce le genre d’outil qui pourrait être utilisé par votre organisation?,Est-ce que j’ai oublié quelque chose dans ce questionnaire selon vous?,Fichier de l’enregistrement audio,INTRODUCTION,"Je vais nommer des features (fonctionnalités) potentielles, pouvez-vous les noter sur leur valeur ajoutée à vos yeux?",Les résultats d’analyse d’opinion publique influencent-ils concrètement les décisions stratégiques dans votre organisation ?,L’ANALYSE DES DONNÉES D’OPINION PUBLIQUE DANS VOTRE TRAVAIL,Nom du répondant:,Nom du répondant: (1),PROTOTYPE,"Parlez-moi de la gestion actuelle des données d’opinion publique dans votre organisation. ",Pouvez-vous me citer 2 ou 3 tâches courantes que vous réalisez dans votre travail?,Quel est le budget approx de votre organisation pour ce genre d’outil?,Quel est votre rôle au sein de cette organisation?,Respondent,Submission time,"Tout d’abord, l’opinion publique joue-t-elle un rôle dans votre travail, dans vos tâches courantes ?",Votre organisation effectue-t-elle parfois une collecte de données d’opinion publique ?,"[SI NON À QUESTION PRÉCÉDENTE]: est-ce parce que cela ne fait pas partie des aspects clés de votre rôle ou y a-t-il d’autres raisons ? ","[SI OUI À QUESTION PRÉCÉDENTE]: dans vos tâches où l’opinion publique est importante, rencontrez-vous des obstacles particuliers?"
"CScience lab
obnl
ameliorer la litt numerique des Qc
mieux faire comprendre ce qui se passe derriere leur écran
Connecteur, magazine en ligne
On fat des reportages
Impact techno sur la societe",On va s'en parler sur LinkedIn,,"Réaction à l'idée de revue de presse de l'opinion publique

compétiteurs: Cision

Modèle: paiement à la demande pt plus justifiable. À moins d'avoir des beoins très réguliers

Autre idée : utiliser le principe de commanditaires. Une organisation paie pour diffuser certaiens informations sur la plateforme. Donner accès à un grand nombre à une version limitée. Fremium

Proposition de valeur: base de données unique que les autres n'ont pas",No,31 mars 2025 00:00 (UTC−4),,,,Yes,,,No,Jonathan Chodjaï,,No,"L'ont jamais fait eux-mêmes.

On le ferait d'avantage si les questions posées étaient régulierement les mêmes.

A du mal quand c'est en réponse à une actualité, c'est difficile de l'interpréter dans ce cas. Il y a un biais de la personne qui commandite l'étude, elle veut ça aille dans un sens ","1. concevoir les produits et projets quon va deployer. on veut se reapproprier le naratif. creer des strategies pour rejoindre la clientele visee. Defi : 
2. assurer le travail de partenariat avec lecosysteme. Instituts publics, entreprises privées
3. assurer la gestion des projets. evaluer le ROI des projets

Defi: tributaire des financements publics. Notre contexte doit joindre celui du public.

On travaille avec des org qui dépendent aussi du financement public

état d'avancement de la science: ça évolue vite, mais différemment selon le secteur. Donc il faut bien cerner les gens qu'on vise",,DG,Anonyme,31 mars 2025 14:30,"Oui. Comment, c'est varié. on traite de sujets d'actualité. Le public se fait une idée sur ces sujets avant qu'on intervienne. Il faut vulgariser, demystifyer. On va parler de sujets qui sont polarisés, on veut les nuancer. Les medias vont mettre lemphase sur les trucs saillants.

Une autre: certaines décisions ppolitiques qui sont importantes pour nos projets sont influencés par l'OP. On remarque l'impact de décisions politiques sur l'attention sur nos sujets.

On va parfois profiter de ce qui est le buzz, on va surfer sur la vague

Ça peut même être inclus dans leur production de contenu, dans les reportages, etc.

On va rebondir sur un sondage Léger qui sort dans les médias par exemple.
On va critiquer la question, sa formulation

Considère fortement que les décisions stratégiques doivent être prises selon données probantes",,,"Est-ce que ya des compétences au sein de l'équipe: pas tant, c'est plus à l'externe. Ont considéré des partenariats avec une compagnie comme Potluck par exemple.

"
"Centre franco amerique. org du gouv qc. on releve du ministre langue francaise

Mission continentale. Canada jusqu'en Argentine. rejoindre les 33 millions de francos du continent. Créer des liens entre francophones, dev les communautés franco sur le terroire. On le fait par programmes de formation, activités ou evenements qui mettent culture franco en valeur

Clientele: pas de clients, clientelisme. Mais on a des membres pour participer a nos activités. Grand programme: bibliotheque des ameriques, site demprunt de livres","On va s'en reparler sur LinkedIn: petite compagnie qui pourrait être intéressante, en lancement d'un produit

Peut-être qqun dans une agence de comm: Laurence Delwaide chez Canidé à Montréal",,"Réaction à l'idée: elle a trouvé ça très intéressant

Agences de comm peuvent être intéressées à ce genre de service
Nous on va avoir les enjeux budgétaires, on va pas avoir moyen de payer pour. Version gratuite mais qui donne moins de résultats

Elle a du budget pour avoir une veille des médias et c'est tout
",No,31 mars 2025 00:00 (UTC−4),,"Non, c'était bien!",,No,,,No,Erica Boisvert,,No,Ponctuel,"Défi: rejoindre les clienteles. Dispersées sur un immense territoire.

Au niveau des communications: s'adapter à des réalités qui sont différentes d'un endroit à l'autre.",,"Directrice des comm. Tout ce qui est comm externe et interne. Plan strateigque de communications, relations de presse, réseaux sociaux, image de marque",Anonyme,31 mars 2025 14:52,Pas un grand rôle. J'aimerais ce le soit plus. L'organisation n'y accorde pas une importance très grande.,"C'est arrivé, sondage aux abonnés de nos produits. ÇA nous a permis de faire un plan de comm, ça a influencé nos décisions stratégiques de comm sur 4 ans. On a travaillé avec un ancien de Léger qui nous a aidé à concevoir le questionnaire (c'est là notre manque d'expertise), il nous a donné un coup de main sur l'aanlyse de données mais on a déjà des gens forts à l'interne en analyse de données au sein de l'équipe

Petit sondage quand les gens se réabonnent à nos services. Mais ça reste seulement pour son département, personne lui demande mais elle a l'info.
","On travaille avec des partenaires terrain et ça semble suffire pour avoir le pouls.

Si on avait un accès plus facile aux données, analyses etc., surement oui

Pas dans la culture organisationnelle",
" Freelancer with different government agencies. Mostly federal level. Sometimes private contracts",none,,,No,7 avril 2025 00:00 (UTC−4),,,,Yes,,,Yes,Alison Murphy,,Yes,,,,"Technical writer and editor.

Depending on audience. Making sure that the instructions are really clear for the technical or normal audience.",Anonyme,7 avril 2025 16:17,No,,"Not in my tasks. Maybe after our job is done, by other people in the agencies.

Mostly people in public relations, after the fact",
"FQM

Représentent 1000+ membres qui sont des municipalités et des MRC
Souvent en opposition à l'UMQ qui représente plus les grandes villes
FQM représentent les plus petites municipalités

Ont fait avancer l'agenda des petites 
",Sur LinkedIn,,,No,7 avril 2025 00:00 (UTC−4),,,,Yes,,"Ça influence les actions qu'on va faire dans les campagnes de pub, mais c'est ciblé aux élus des petites municipalités.

Mais c'est rare que l'aspect citoyen va influencer nos décisions

",Yes,Philippe Gagnon,,Yes,,"Étudie des projets de loi. Défi = temps. Il faut pondre un mémoire de 100 pages en qq semaines

Consultation auprès des membres

Participent à des comités",,"Conseiller politique adjoint exec du directeur des politiques.

",Anonyme,7 avril 2025 18:11,"Oui et non, plus non que oui

On représente beaucoup des petites municipalités. Ce qui se rend aux chroniqueurs est par rapport aux grandes villes et pas les petites","Ils ont commandé un sondage à Léger pour mesurer la satisfaction envers les élus municipaux mais seulement dans les municipalités de 100k et moins. Taux très bas. Indicateur municipal. C'était la première fois, en 2024

Desfois on collecte des données sur les élus comme population","Si accès aux données oui. Plus on a de faits, plus c'est utile. Mais ça dépend de la segmentation. Mais on travaille pour les élus/administration et pas les citoyens. Pour que ce soit utile pour nous, faut ça concerne des projets de lois qui concernent les élus municipaux

Léger ont fait un sondage pour mesurer la satisfaction envers les élus municipaux mais seulement dans les municipalités de 100k et moins. Taux très bas. Indicateur municipal",
"depuis 6 ans, ancien des agences de comm publicité comme Cossette

Sa propre agence avec des collaborateurs

Stratégie de communication numérique
Production et réalisation de podcasts
Marketing d'influence
Offre de formation dans ces domaines

Client principal est Cégep Limoilou",,,"Les agences travaillent déjà sur ce genre d'outils là, Outil pour organiser l'information mais il y a encore surement ce besoin là

Dépend beaucoup de la qualité de la donnée

Plus intéressant est de la croiser, ça ça amène vraiment une valeur supplémentaire
Exemple: chez électeurs 18-34 ans qui votent QS, quel % a commandé un repas à distance dans les 30 derniers jours
Donc être capable de ""filtrer""

Campagnes de sensibilisation: projets qualitatifs pour faire du comportemental, création de profils qualitatifs.

Donc il voit vrm la valeur potentielle de l'app pour créer des profils, première étape

Autre proposition de valeur: couche d'interprétation doit être très bonne (filtrer, créer des profils)",No,30 avril 2025 00:00 (UTC−4),,,,No,,,No,Denis Martel,,No,,"Déterminer des segments de clientèle, comprendre cpt numériques
Seulement quelques clients, assez ponctuel. Des recherches qui sont de plus en plus faciles à faire. Va utiliser la documentation dispo sur internet",,,Anonyme,30 avril 2025 13:50,"Pas vraiment, pas de façon très importante

Vont desfois consulter le classement des entreprises pcq ça peut avoir un impact sur des grands clients

Dans un contrat avec Brunet, ils avaient acheté toutes les données disponibles chez Léger sur un sujet particulier

Vividata: firme de sondages, sondage en continu avec agences de publicité comme client principal. Très utile dans un contexte publicitaire
Par exemple, dans un contrat St-Hubert, données poussées sur chaque consommateur. Couteuse d'accès.

Fournisseur de placements médias: Médialliance. Au lieu d'un acces annuel de 50k à Vividata, achetait des ""runs"" de données croisées. https://medialliance.ca/",,,
"Firme de comm stratégique
Agence de comm
2 poles d'expertise:
1. strategie, comm, marque
2. relations publiques, position dans les medias, porte paroles, etc.

Comm comme vecteur de changement positif

Certifié Bcorp

Qc-MTL

25-30 employés",,,,No,,"Vraiment. Très intéressant.

Tout des silos, les données appartiennent aux clients donc pour un projet ils ont pas accès à d'autres données, à du contexte

Canidé se sert souvent de Vividata, pour toutes les campagnes publicitaires

Ils paient pour Vividata et ça coute cher
C'est plus les agences média qui utilisent Vividata. Pour cibler les bonnes personnes. On peut faire des personas, etc. Énoncés de valeur, habitudes média, etc.
Interface dry, complexe. Ça prend des genre de ""techniciens"" pour utiliser la plateforme. Il y a un service à la clientèle",,,No,"Données exclusives: 2
Récence des données: 4 (dernière année nécessaire)
Exportation des données: 4 (pour une agence)
Veille et alertes sur certains enjeux: 4
Générations de rapports automatiques: 3, mais la personnalisation est importante. L'aspect temps réel est important aussi, faire un des dashboards.
Croisement de données, filtrage socio-démographique, analyses plus approfondies, etc.: 4
Absence de publicités commerciales: 4
Absence de contenu sponsorisé par des partenaires du réseau: 4
Partager facilement un graphique ou un rapport: 2 nice to have
Compatibilité mobile / tablette: 4 de base",,No,Laurence Delwaide,,No,"Pas archivé. Continuité dans nos métriques, on regarde la continuité entre nos différents sondages

C'est Léger qui nous envoient le rapport avec le sommaire etc. Nous on demande le fichier excel des répondants pour faire des croisements. On les conserve.

Mais pour le client, c'est trop aride",,"Vividata coute 15k et 20k par année. Il faut payer un agrégateur de données par dessus Telmar, Vividata c'est juste la plateforme","Cheffe de stratégie, du pole stratégie

Haute-direction, cheffe d'expertise

Clients bien servis, attteindre leurs objectifs, comprendre leurs enjeux, leur contexte, leurs cibles, etc.

Également le développement des affaires, rentabilité",Anonyme,6 mai 2025 11:47,"Vraiment.

Clients: objectif d'affaire = acceptabilité sociale.
Exemple: client en environnement qui joue dans municipal, politique, etc.

Développement des affaires: notoriété de la marque. Sondage via Léger. Des mesures de marques, est-ce que la comm a un effet de levier sur les attributs
",,,"Elle voudrait accès à toutes les données, des benchmarks, un historique, etc.

Sa compagnie est plus ""nerd"", ils veulent plus de données, d'analyse etc."
"Catapulte

Firme d'affaires publiques

Marché niché

Buzzword pour lobbyisme, relations gouv, etc.

Firme de comm aussi, relations médias, développement de site web, graphisme

One-stop shop, pas besoin de sous-traitant. Mais les cas où oui: sondages, photographie, vidéaste

25 employés, 3e plus grosse apres tact et national

Clients (ce qui nous distingue): bcp de membres sont OBNL, mais aussi entreprises privées",,,,Yes,,"Oui

Premier volet: on aurait accès par abonnement c'est intéressant. Mais tout est question de la base de données, on veut tomber sur les sujets qui nous intéressent",,,No,"- Données exclusives: 3
- Récence des données: 4 (varie beaucoup selon les enjeux)
- Exportation des données: 3
- Veille et alertes sur certains enjeux: 1
- Générations de rapports automatiques: 4
- Sophistication des graphiques: 4 (avec thème personnel)
- Croisement de données, filtrage socio-démographique, analyses plus approfondies, etc.: 3
- Absence de publicités commerciales : 1
- Absence de contenu sponsorisé par des partenaires du réseau : 2
- Partager facilement un graphique ou un rapport : 2
- Compatibilité mobile / tablette : 4","Non, marché niche",No,Cedrik Verreault,,No,,,Top: 500$/mois,"Conseiller en affaires publiques

Chargé de comptes sur différents mandats clients, donc beaucoup relation avec le client",Anonyme,9 mai 2025 10:31,"Oui, parfois le client les envoie et nous on le transforme en message

Mais desfois on propose au client de faire une collecte

Ponctuel, certains cas très précis, on n'a pas besoin dans la majorité des mandats.

Desfois on va voir si ya déjà un sondage qui a été fait sur le sujet",Oui pour des clients,"Si données n'existent pas, on va faire autre méthode traditionnelle (revue de presse, etc.) pour dresser un portrait.",Obstacle:
TACT Conseil,,,,No,,,,,No,,,No,Charles Tessier,,No,,,,,Hubert Cadieux,27 mai 2025 14:36,,,,