request_id,client_id,kind,decompose,embed,rerank,agent_turn,annotate,total_cad,n_turns,n_searches,latency_ms
08925adc-5741-432f-919f-3ef2cbd6eb07,run-agent,agent,0.00000000,0.00001122,0.00709980,0.02971491,0.00000000,0.03682593,4,2,18700
6a267268-a468-4055-ba2e-e8b0432629b7,run-agent,agent,0.00000000,0.00000314,0.00354990,0.02313856,0.00000000,0.02669160,3,1,15938
b303ef0a-47ad-4c2c-af17-042620ff8cc6,run-agent,agent,0.00000000,0.00000583,0.00354990,0.02266571,0.00000000,0.02622145,3,1,19117
d8ec7e7f-da75-4e9f-8673-17cba6e37d45,run-agent,agent,0.00000000,0.00000269,0.00354990,0.02127154,0.00000000,0.02482414,4,1,20250
1add27c4-cb7c-49a6-8961-4d749b7d376e,run-agent,agent,0.00000000,0.00000651,0.00354990,0.01406732,0.00000000,0.01762372,3,1,16738
db049dab-8fbc-44e2-9744-5e5583be3b75,run-agent,agent,0.00000000,0.00000045,0.00354990,0.01393890,0.00000000,0.01748925,2,1,13563
4ed654ec-0b7d-4adb-afb2-687316513393,run-agent,agent,0.00000000,0.00000045,0.00354990,0.01379637,0.00000000,0.01734672,3,1,17086
3cce2371-0939-4dc7-b790-0fee331d6f8a,run-agent,agent,0.00000000,0.00000045,0.00354990,0.01312285,0.00000000,0.01667320,3,1,15450
3b6c0599-18e8-4d1c-af4f-1a8d7f495117,run-agent,agent,0.00000000,0.00000045,0.00354990,0.01168000,0.00000000,0.01523035,2,1,14395
435497cd-9ded-4cbc-a993-74e484112819,run-agent,agent,0.00000000,0.00000000,0.00000000,0.01026791,0.00000000,0.01026791,2,0,10132
b01739e8-c372-4760-9402-94921b784999,test,agent,0.00000000,0.00000000,0.00000000,0.00918804,0.00000000,0.00918804,2,0,8834
8f0ab716-c440-4a9a-a08a-a8cf0c537318+b68aad00-7ecc-4d98-8a0c-e8168086ad42,run-search,recherche_directe,0.00164454,0.00000583,0.00709980,0.00000000,0.00000000,0.00875017,0,1,13217
d0aeabee-5ba2-4a8a-bdce-55cf18d88d5d+3d7f8d11-a351-443c-b379-533ed9587307,run-search,recherche_directe,0.00161898,0.00000471,0.00709980,0.00000000,0.00000000,0.00872349,0,1,2379
889a9a5b-b23c-4880-89b6-f28671670610+eaead4d2-acaa-4b06-bdb1-60ba2cc151d1,run-search,recherche_directe,0.00154443,0.00000471,0.00709980,0.00000000,0.00000000,0.00864894,0,1,1878
da10a1fd-cb87-4875-b607-415ff57d2dd1+3b1c5d84-f7b9-4a99-ae7d-ce0703fe04f1,run-search,recherche_directe,0.00151887,0.00000539,0.00709980,0.00000000,0.00000000,0.00862406,0,1,3509
c796ef4e-62cf-46aa-a07d-877f42158a08+a2c24197-e590-4145-bd31-90c0361fdc41,run-search,recherche_directe,0.00148373,0.00000381,0.00709980,0.00000000,0.00000000,0.00858734,0,1,2039
f788c378-e317-41df-bfe0-8fd0d95c46da,run-agent,agent,0.00000000,0.00000000,0.00000000,0.00857881,0.00000000,0.00857881,2,0,10329
a89cdf5b-7700-4dcf-8934-c1c3266e802b+1ada7560-f30f-4b38-872c-c6691b1af298,run-search,recherche_directe,0.00145178,0.00000381,0.00709980,0.00000000,0.00000000,0.00855539,0,1,2066
ab604b52-5c01-4482-aa39-512e0fccbaa9,run-agent,agent,0.00000000,0.00000000,0.00000000,0.00843185,0.00000000,0.00843185,2,0,13144
f8d1df78-78e1-43c1-8392-9da1f9bf949f+122d01e8-eafe-412b-a2ff-128cc1d6d2af,run-search,recherche_directe,0.00131759,0.00000224,0.00709980,0.00000000,0.00000000,0.00841964,0,1,1411
3bfec4c8-96ce-4acb-8aa8-8e228672e620+8c3b67b7-928f-45d0-bd88-f41e3e9602d9,run-search,recherche_directe,0.00124518,0.00000404,0.00709980,0.00000000,0.00000000,0.00834901,0,1,1990
d9658b1f-2bb0-4f10-bb78-46a049583e6d+300cf635-8444-40ff-8acf-e2f877ea6136,run-search,recherche_directe,0.00118660,0.00000180,0.00709980,0.00000000,0.00000000,0.00828820,0,1,1859
9034b449-0b73-49a9-b91a-b9f2b51b49b9+84b130dc-b7ef-4599-959f-f502429c70d5,run-search,recherche_directe,0.00115146,0.00000494,0.00709980,0.00000000,0.00000000,0.00825620,0,1,8064
a73f6db1-ca77-4a2f-aceb-0d284adf0088+c92b8e64-3b8c-469d-833e-42c78663ff7a,run-search,recherche_directe,0.00114187,0.00000157,0.00709980,0.00000000,0.00000000,0.00824324,0,1,2113
bf0f6a4e-d8e1-435a-9f76-3f48a1cfe3a5+a4d79327-2449-4f7d-a550-896e66a3bd31,run-search,recherche_directe,0.00113442,0.00000157,0.00709980,0.00000000,0.00000000,0.00823579,0,1,1532
164d325e-3b4b-43cf-93af-84a99aa5ef05+b6064e54-caa1-495c-8629-020330ce8eda,run-search,recherche_directe,0.00110460,0.00000180,0.00709980,0.00000000,0.00000000,0.00820619,0,1,2054
ff38e4fc-6b3e-4fb1-9cbb-c640d6dfa1dd+63611b9f-a368-4855-ba80-6824e18f1ab4,run-search,recherche_directe,0.00108969,0.00000180,0.00709980,0.00000000,0.00000000,0.00819129,0,1,1610
e5725783-913a-48a9-94d2-e68c3f6bed97+6bb46e8d-dc37-4a99-8596-dcbadd30ec03,run-search,recherche_directe,0.00103005,0.00000247,0.00709980,0.00000000,0.00000000,0.00813232,0,1,1696
90366134-8ccc-4534-9f0a-1b414b925745+dbf404a0-662c-45ed-ba02-96eb9a41f25f,run-search,recherche_directe,0.00097893,0.00000112,0.00709980,0.00000000,0.00000000,0.00807986,0,1,1329
3e38d223-9963-440e-84c2-af9c496c8b58+6e362519-e778-4aa7-8c8a-61f4ec35d2bd,run-search,recherche_directe,0.00093846,0.00000045,0.00709980,0.00000000,0.00000000,0.00803871,0,1,2597
af09e878-505f-47ff-98cd-1ca1d3331067+d99f8bfb-8156-4834-881c-55a1ccb2bbbd,run-search,recherche_directe,0.00092143,0.00000112,0.00709980,0.00000000,0.00000000,0.00802235,0,1,1455
f174d233-7ec5-471e-bd09-f4457d1eda7f+3af97750-79d9-4b7a-88d1-be4c1517ad54,run-search,recherche_directe,0.00089374,0.00000045,0.00709980,0.00000000,0.00000000,0.00799399,0,1,1516
85bcb3ab-ced2-4a71-89c6-efc3cdbda5c6+c867aa97-526e-4e7b-922f-68c7a279482c,run-search,recherche_directe,0.00086818,0.00000045,0.00709980,0.00000000,0.00000000,0.00796843,0,1,1336
3fe41c0e-86d3-4411-8735-c7bb45b70976,run-agent,agent,0.00000000,0.00000000,0.00000000,0.00693328,0.00000000,0.00693328,2,0,6372
b9ba9633-e3ea-4a2c-abb9-d20676e1c370,run-agent,agent,0.00000000,0.00000000,0.00000000,0.00535622,0.00000000,0.00535622,2,0,6833
e0d3c12a-c608-4d56-9d00-9475c3bb9692,run-agent,agent,0.00000000,0.00000000,0.00000000,0.00494257,0.00000000,0.00494257,1,0,5000
d2c3db8c-54f7-4974-b6fe-87523abf1eef,run-agent,agent,0.00000000,0.00000000,0.00000000,0.00459113,0.00000000,0.00459113,1,0,3805
e06f6e70-2185-4b34-b56d-92173c8d61d6,run-agent,agent,0.00000000,0.00000000,0.00000000,0.00422523,0.00000000,0.00422523,2,0,4592
53ad42e2-69eb-456c-81f0-a26fca2780dd,run-agent,agent,0.00000000,0.00000000,0.00000000,0.00361472,0.00000000,0.00361472,1,0,5613
72f89f09-60b9-4ed9-940a-77edf7dc76e8,run-agent,agent,0.00000000,0.00000000,0.00000000,0.00355402,0.00000000,0.00355402,1,0,4934
ea2d23e4-8cc0-465c-bb14-dd32356859bc,run-agent,agent,0.00000000,0.00000000,0.00000000,0.00306839,0.00000000,0.00306839,1,0,5141
68b93060-27ca-428b-985e-cd60d7b3206d,run-agent,agent,0.00000000,0.00000000,0.00000000,0.00285859,0.00000000,0.00285859,1,0,4865
27a7cbd1-57cc-4062-9a13-8f8474744637,run-annotate,annotation,0.00000000,0.00000000,0.00000000,0.00000000,0.00086583,0.00086583,0,0,1840
29212782-2a7d-44e5-ad48-7e2847fcc165,run-annotate,annotation,0.00000000,0.00000000,0.00000000,0.00000000,0.00086583,0.00086583,0,0,2454
